Peso_Inicial_W0,Peso_Inicial_W1,Peso_Inicial_W2,Peso_Final_W0,Peso_Final_W1,Peso_Final_W2,Error_Final_Magnitud
0.2738566965697985,-0.24295599369958573,0.5020483471233049,-0.02614330343020152,0.057044006300414285,0.5020483471233049,0.0
